Domain,Status,Attractiveness,Demand,Length,Sectors,Created,Expires,Registrar
brief.pizza,available,124,19%,5,"Business,Education,General,Law",,,
second.pizza,available,120,23%,6,"General,Mathematics",,,
complete.pizza,available,120,21%,8,"Manufacturing,Retail,Technology",,,
tenth.pizza,available,116,7%,5,Mathematics,,,
equal.pizza,available,116,19%,5,"Education,General,Law",,,
hotshot.pizza,available,112,14%,7,"Business,Entertainment,Sports",,,
acute.pizza,available,112,9%,5,"Mathematics,Medicine,Science",,,
above.pizza,available,112,22%,5,Business,,,
abiding.pizza,available,106,5%,7,"General,Religion",,,
expert.pizza,available,104,26%,6,"Business,Education,Technology",,,
teen.pizza,available,104,14%,4,"Education,Entertainment,Healthcare",,,
active.pizza,available,104,27%,6,"Health and Fitness,Sports,Travel",,,
absent.pizza,available,102,8%,6,"Business,Education,Technology",,,
captive.pizza,available,102,14%,7,"Entertainment,Hospitality,Technology",,,
extra.pizza,available,102,26%,5,"Fashion,Retail,Technology",,,
ninth.pizza,available,100,9%,5,Mathematics,,,
third.pizza,available,100,16%,5,Mathematics,,,
abrupt.pizza,available,100,3%,6,"Medicine,Science",,,
eighth.pizza,available,100,6%,6,Mathematics,,,
remove.pizza,available,100,13%,6,"Construction,Manufacturing,Technology",,,
sixth.pizza,available,100,8%,5,Mathematics,,,
whiz.pizza,available,100,12%,4,"Business,Education,Technology",,,
adjunct.pizza,available,100,5%,7,Education,,,
genius.pizza,available,98,46%,6,"Arts,Education,Technology",,,
whizz.pizza,available,98,11%,5,"Business,Education,Technology",,,
doable.pizza,available,96,9%,6,"Business,Education,Technology",,,
academic.pizza,available,96,20%,8,"Education,Humanities,Science",,,
forgiving.pizza,available,96,3%,9,"Healthcare,Religion",,,
alamode.pizza,available,96,12%,9,Fashion,,,
abject.pizza,available,94,7%,6,Humanities,,,
around.pizza,available,94,22%,6,"Business,General,Media,Technology",,,
virtuoso.pizza,available,94,16%,8,"Arts,Entertainment",,,
adequate.pizza,available,94,9%,8,"Education,Healthcare,Technology",,,
abroad.pizza,available,92,12%,6,"Hospitality,Travel",,,
nought.pizza,available,92,4%,6,Mathematics,,,
twentieth.pizza,available,92,3%,9,Mathematics,,,
derelict.pizza,available,92,7%,8,"Construction,Real Estate",,,
next.pizza,available,92,43%,4,"Retail,Technology,Transportation",,,
adjective.pizza,available,92,5%,9,Education,,,
exemplary.pizza,available,92,5%,9,"Business,Education,Healthcare",,,
adept.pizza,available,92,24%,5,"Education,Health and Fitness,Sports",,,
neutral.pizza,available,92,20%,7,"Business,Media,Politics",,,
additional.pizza,available,90,8%,10,"Fashion,Retail,Technology",,,
abortive.pizza,available,90,1%,8,"Medicine,Science",,,
addictive.pizza,available,90,9%,9,Healthcare,,,
leash.pizza,available,90,7%,5,"General,Health and Fitness,Retail",,,
endearing.pizza,available,90,1%,9,"Entertainment,Fashion,Retail",,,
riveting.pizza,available,90,6%,8,"Entertainment,Media,Technology",,,
clear.pizza,available,90,47%,5,"Manufacturing,Retail,Technology",,,
gripping.pizza,available,90,3%,8,"Entertainment,Media,Technology",,,
adoring.pizza,available,90,2%,7,"Entertainment,Fashion,Retail",,,
activist.pizza,available,88,12%,8,"Humanities,Politics",,,
three.pizza,available,88,24%,5,Mathematics,,,
adlib.pizza,available,88,7%,6,Entertainment,,,
wide.pizza,available,88,18%,4,"Business,Media,Technology",,,
actionable.pizza,available,88,13%,10,"Business,Law",,,
ten.pizza,available,88,28%,3,"General,Mathematics",,,
hundred.pizza,available,88,14%,7,Mathematics,,,
fifteen.pizza,available,88,13%,7,Mathematics,,,
sixteen.pizza,available,88,11%,7,Mathematics,,,
proficient.pizza,available,88,8%,10,"Education,Health and Fitness,Sports",,,
cipher.pizza,available,86,29%,6,Mathematics,,,
engrossing.pizza,available,86,0%,10,"Entertainment,Media,Technology",,,
xix.pizza,available,86,11%,3,Mathematics,,,
recondite.pizza,available,86,4%,9,"Arts,Humanities,Science",,,
intent.pizza,available,86,25%,6,"Business,Education,Technology",,,
extempore.pizza,available,86,3%,9,Entertainment,,,
xiv.pizza,available,86,12%,3,Mathematics,,,
aboriginal.pizza,available,86,10%,10,Humanities,,,
attendant.pizza,available,86,5%,9,"Healthcare,Hospitality,Transportation",,,
adolescent.pizza,available,86,3%,10,"Education,Entertainment,Healthcare",,,
grand.pizza,expired,84,25%,5,"Finance,General",22/07/2018 17:11,22/07/2025 17:11,"URL Solutions, Inc."
adjustable.pizza,available,84,3%,10,"Manufacturing,Retail,Technology",,,
thirteen.pizza,available,84,10%,8,Mathematics,,,
seventeen.pizza,available,84,7%,9,Mathematics,,,
twentyone.pizza,available,84,13%,10,Mathematics,,,
twentytwo.pizza,available,84,11%,10,Mathematics,,,
accessory.pizza,available,84,8%,9,"Fashion,Retail,Technology",,,
thousand.pizza,available,84,8%,8,Mathematics,,,
sharp.pizza,available,84,34%,5,"Arts,Fashion",,,
acting.pizza,available,84,12%,6,Entertainment,,,
nineteen.pizza,available,84,8%,8,Mathematics,,,
deviate.pizza,available,84,12%,7,"Medicine,Science",,,
fourteen.pizza,available,84,8%,8,Mathematics,,,
absorbent.pizza,available,82,3%,9,"Healthcare,Manufacturing,Retail",,,
impromptu.pizza,available,82,16%,9,Entertainment,,,
enduring.pizza,available,82,9%,8,"Health and Fitness,Religion",,,
abdominal.pizza,available,82,1%,9,"Health and Fitness,Medicine",,,
decade.pizza,available,82,10%,6,Mathematics,,,
abroach.pizza,available,82,1%,7,Food and Beverage,,,
abenaki.pizza,available,82,2%,7,Geography,,,
altered.pizza,available,82,9%,7,"Medicine,Science",,,
fivesome.pizza,available,82,1%,8,Sports,,,
dozen.pizza,available,82,10%,5,Mathematics,,,
cleansing.pizza,available,82,3%,9,Health and Fitness,,,
abkhaz.pizza,available,82,1%,6,Geography,,,
yard.pizza,available,80,26%,4,"Construction,General",,,
trio.pizza,available,80,21%,4,Entertainment,,,
absorbable.pizza,available,80,0%,10,"Healthcare,Pharmaceuticals,Science",,,
dorsal.pizza,available,80,6%,6,"Medicine,Science",,,
sequent.pizza,available,80,7%,7,"Healthcare,Insurance,Transportation",,,
seventh.pizza,available,80,10%,7,Mathematics,,,
forty.pizza,available,80,9%,5,Mathematics,,,
capable.pizza,available,80,12%,7,"Business,Education,Technology",,,
worshipful.pizza,available,80,1%,10,"Education,Healthcare,Religion",,,
abundant.pizza,available,80,19%,8,"Agriculture,Manufacturing,Retail",,,
wiz.pizza,available,80,30%,3,"Business,Education,Technology",,,
twenty.pizza,available,80,12%,6,Mathematics,,,
absolute.pizza,available,80,25%,8,"Engineering,Mathematics,Science",,,
able.pizza,available,80,29%,4,"Business,Education,General,Technology",,,
superstar.pizza,available,80,18%,9,Entertainment,,,
absurd.pizza,available,80,16%,6,"Arts,Entertainment,Media",,,
adoptable.pizza,available,80,3%,9,"Education,Healthcare",,,
abkhazian.pizza,available,78,1%,9,Geography,,,
honestly.pizza,available,78,9%,8,"Business,Law",,,
abounding.pizza,available,78,2%,9,Agriculture,,,
athletic.pizza,available,78,15%,8,"Health and Fitness,Sports",,,
acceptable.pizza,available,78,5%,10,"Business,Hospitality,Retail",,,
accepted.pizza,available,78,6%,8,"Business,Education,Technology",,,
accessible.pizza,available,78,21%,10,"Healthcare,Retail,Technology",,,
accurate.pizza,available,78,16%,8,"Engineering,Mathematics,Science",,,
dormant.pizza,available,78,4%,7,"Medicine,Science",,,
low.pizza,available,78,20%,3,"Business,Finance",,,
sixtynine.pizza,available,78,8%,10,Mathematics,,,
adjacent.pizza,available,78,9%,8,"Construction,Real Estate,Retail",,,
recognised.pizza,available,78,3%,10,"Business,Education,Technology",,,
absorptive.pizza,available,78,1%,10,"Healthcare,Manufacturing,Retail",,,
accidental.pizza,available,78,11%,10,"Healthcare,Insurance,Transportation",,,
adorable.pizza,available,78,8%,8,"Entertainment,Fashion,Retail",,,
acceptant.pizza,available,78,1%,9,"Education,Healthcare",,,
adrenal.pizza,available,78,4%,7,"Education,Healthcare,Science",,,
abkhasian.pizza,available,78,1%,9,Geography,,,
recognized.pizza,available,78,3%,10,"Business,Education,Technology",,,
twentysix.pizza,available,78,8%,10,Mathematics,,,
hundredth.pizza,available,76,1%,9,Mathematics,,,
obscene.pizza,available,76,5%,7,"Entertainment,Media",,,
fourteenth.pizza,available,76,1%,10,Mathematics,,,
auxiliary.pizza,available,76,7%,9,"Healthcare,Manufacturing,Technology",,,
adhesive.pizza,available,76,7%,8,"Construction,Manufacturing,Technology",,,
adipose.pizza,available,76,2%,7,"Healthcare,Science",,,
resultant.pizza,available,76,2%,9,"Healthcare,Insurance,Transportation",,,
thousandth.pizza,available,76,1%,10,Mathematics,,,
adaptable.pizza,available,76,9%,9,"Business,Education,Technology",,,
fifteenth.pizza,available,76,2%,9,Mathematics,,,
acoustic.pizza,available,76,14%,8,Science,,,
adherent.pizza,available,76,4%,8,"Politics,Religion",,,
ancillary.pizza,available,76,6%,9,"Healthcare,Manufacturing,Technology",,,
threed.pizza,available,76,7%,7,Technology,,,
energizing.pizza,available,76,3%,10,"Food and Beverage,Health and Fitness,Travel",,,
ague.pizza,available,76,2%,4,"Geography,Medicine,Science",,,
thirteenth.pizza,available,76,4%,10,Mathematics,,,
firstrate.pizza,available,76,6%,10,Business,,,
improvise.pizza,available,76,4%,9,Entertainment,,,
nineteenth.pizza,available,76,3%,10,Mathematics,,,
adaptive.pizza,available,76,28%,8,"Business,Education,Technology",,,
abrasive.pizza,available,76,6%,8,"Construction,Manufacturing",,,
incidental.pizza,available,76,4%,10,"Healthcare,Insurance,Transportation",,,
eighteen.pizza,available,76,7%,8,Mathematics,,,
ventral.pizza,available,76,3%,7,Science,,,
addable.pizza,available,76,2%,7,"Engineering,Mathematics,Science",,,
single.pizza,available,74,19%,6,Sports,,,
accepting.pizza,available,74,3%,9,"Education,Healthcare",,,
sensation.pizza,available,74,7%,9,"Entertainment,Media,Sports",,,
achievable.pizza,available,74,4%,10,"Business,Education,Technology",,,
adamant.pizza,available,74,14%,7,Religion,,,
supra.pizza,available,74,25%,5,"Medicine,Science",,,
broad.pizza,available,74,13%,5,"Entertainment,General,Media",,,
activated.pizza,available,74,9%,9,"Healthcare,Manufacturing,Technology",,,
admirable.pizza,available,74,5%,9,"Business,Education,Healthcare",,,
abnormal.pizza,available,74,16%,8,"Medicine,Science",,,
manageable.pizza,available,74,4%,10,"Business,Education,Technology",,,
acuate.pizza,available,74,2%,6,"Engineering,Medicine,Science",,,
mavin.pizza,available,74,7%,5,"Entertainment,Fashion,Technology",,,
realizable.pizza,available,74,1%,10,"Business,Education,Technology",,,
adrenergic.pizza,available,74,1%,10,"Education,Healthcare,Science",,,
aberrant.pizza,available,74,6%,8,"Medicine,Science",,,
adapted.pizza,available,74,6%,7,"Healthcare,Manufacturing,Technology",,,
playing.pizza,available,74,12%,7,Entertainment,,,
cleared.pizza,available,74,7%,7,"Healthcare,Law,Transportation",,,
adenoid.pizza,available,74,1%,7,"Health and Fitness,Medicine,Science",,,
skilful.pizza,available,74,3%,7,"Education,Health and Fitness,Sports",,,
ninetieth.pizza,available,72,1%,9,Mathematics,,,
addicted.pizza,available,72,9%,8,Healthcare,,,
accusative.pizza,available,72,0%,10,"Humanities,Law",,,
accustomed.pizza,available,72,1%,10,"Business,Education,Humanities",,,
adaptative.pizza,available,72,1%,10,"Business,Education,Technology",,,
absorbed.pizza,available,72,2%,8,"Entertainment,Media,Technology",,,
ablaze.pizza,available,72,6%,6,Entertainment,,,
lovely.pizza,available,72,26%,6,"Entertainment,Fashion,Retail",,,
adjunctive.pizza,available,72,1%,10,"Healthcare,Manufacturing,Technology",,,
aching.pizza,available,72,4%,6,Healthcare,,,
adjectival.pizza,available,72,1%,10,Education,,,
abreast.pizza,available,72,2%,7,"Business,Technology",,,
existent.pizza,available,72,3%,8,"Mathematics,Science",,,
liv.pizza,available,72,27%,3,Mathematics,,,
adonic.pizza,available,72,2%,6,"Arts,Education,Entertainment",,,
eightieth.pizza,available,72,1%,9,Mathematics,,,
adiabatic.pizza,available,72,3%,9,"Engineering,Science",,,
trinity.pizza,available,72,18%,7,Religion,,,
abloom.pizza,available,72,5%,6,Agriculture,,,
sixtieth.pizza,available,72,1%,8,Mathematics,,,
ternary.pizza,available,72,7%,7,Mathematics,,,
absolutist.pizza,available,72,1%,10,"Humanities,Law,Politics",,,
seventieth.pizza,available,72,1%,10,Mathematics,,,
trey.pizza,available,72,14%,4,Sports,,,
improvize.pizza,available,72,1%,9,Entertainment,,,
engrossed.pizza,available,72,1%,9,"Entertainment,Media,Technology",,,
abradant.pizza,available,70,1%,8,"Construction,Manufacturing",,,
adored.pizza,available,70,6%,6,"Entertainment,Fashion,Retail",,,
adamantine.pizza,available,70,4%,10,Religion,,,
recumbent.pizza,available,70,2%,9,"Healthcare,Medicine,Science",,,
adjusted.pizza,available,70,5%,8,"Manufacturing,Retail,Technology",,,
miserable.pizza,available,70,4%,9,Humanities,,,
accumbent.pizza,available,70,1%,9,"Healthcare,Medicine,Science",,,
practiced.pizza,available,70,3%,9,"Education,Health and Fitness,Sports",,,
tiptop.pizza,available,70,24%,6,Fashion,,,
gymnastic.pizza,available,70,3%,9,"Entertainment,Sports",,,
lowdown.pizza,available,70,6%,8,"Entertainment,Media",,,
stillborn.pizza,available,70,2%,9,"Medicine,Science",,,
consequent.pizza,available,70,3%,10,"Business,Education,General,Technology",,,
abulic.pizza,available,70,1%,6,Medicine,,,
offhand.pizza,available,70,2%,7,Entertainment,,,
skillful.pizza,available,70,9%,8,"Education,Health and Fitness,Sports",,,
admired.pizza,available,70,5%,7,"Business,Education,Healthcare",,,
acuminate.pizza,available,70,1%,9,"Engineering,Medicine,Science",,,
absorbing.pizza,available,70,3%,9,"Entertainment,Media,Technology",,,
licenced.pizza,available,68,2%,8,"Business,Healthcare,Insurance",,,
ablative.pizza,available,68,3%,8,Science,,,
aculeate.pizza,available,68,1%,8,"Engineering,Medicine,Science",,,
overseas.pizza,available,68,12%,8,"Hospitality,Travel",,,
decorated.pizza,available,68,3%,9,"Entertainment,Fashion,Retail",,,
threesome.pizza,available,68,5%,9,Entertainment,,,
fiftieth.pizza,available,68,0%,8,Mathematics,,,
abkhas.pizza,available,68,0%,6,Geography,,,
octonary.pizza,available,68,1%,8,Mathematics,,,
fortieth.pizza,available,68,0%,8,Mathematics,,,
vindicated.pizza,available,68,2%,10,"Humanities,Law,Politics",,,
foursome.pizza,available,68,4%,8,Sports,,,
acerate.pizza,available,68,1%,7,Science,,,
thirtieth.pizza,available,68,1%,9,Mathematics,,,
stygian.pizza,available,68,5%,7,Humanities,,,
abducent.pizza,available,68,0%,8,Medicine,,,
ane.pizza,available,68,12%,3,Mathematics,,,
aroused.pizza,available,68,3%,7,"Entertainment,Health and Fitness",,,
licensed.pizza,available,68,5%,8,"Business,Healthcare,Insurance",,,
septenary.pizza,available,68,1%,9,Mathematics,,,
ennead.pizza,available,68,5%,6,Mathematics,,,
achaian.pizza,available,68,2%,7,Humanities,,,
aberdonian.pizza,available,68,1%,10,Geography,,,
activating.pizza,available,68,3%,10,"Healthcare,Manufacturing,Technology",,,
accredited.pizza,available,68,9%,10,"Business,Education,Healthcare",,,
abnaki.pizza,available,68,1%,6,Geography,,,
achaean.pizza,available,68,2%,7,Humanities,,,
scurvy.pizza,available,68,3%,6,Humanities,,,
sevener.pizza,available,68,1%,7,Mathematics,,,
disciple.pizza,available,68,14%,8,"Education,Religion",,,
clv.pizza,available,66,10%,3,Mathematics,,,
maven.pizza,available,66,30%,5,"Entertainment,Fashion,Technology",,,
xviii.pizza,available,66,5%,5,Mathematics,,,
onec.pizza,available,66,6%,5,Mathematics,,,
four.pizza,resell,66,27%,4,Mathematics,17/01/2025 15:15,17/01/2026 15:15,Domain Science Kutatási Szolgáltató Korlátolt Felelősségű Társaság
six.pizza,available,66,26%,3,Mathematics,,,
xii.pizza,available,66,10%,3,Mathematics,,,
deuce.pizza,available,66,9%,5,Sports,,,
buzzing.pizza,available,66,7%,7,"Entertainment,Media,Technology",,,
tenner.pizza,available,66,5%,6,Finance,,,
accessary.pizza,available,66,1%,9,"Business,Law,Technology",,,
according.pizza,available,66,3%,9,"Business,Education,Technology",,,
performing.pizza,available,66,6%,10,Entertainment,,,
abstinent.pizza,available,66,1%,9,"Health and Fitness,Religion",,,
adopted.pizza,available,66,4%,7,"Education,Healthcare",,,
ninety.pizza,available,66,11%,6,Mathematics,,,
latest.pizza,available,66,18%,6,Technology,,,
xvi.pizza,available,66,5%,3,Mathematics,,,
century.pizza,available,66,17%,7,Education,,,
eighty.pizza,available,66,6%,6,Mathematics,,,
exonerated.pizza,available,66,2%,10,"Humanities,Law,Politics",,,
acervate.pizza,available,66,1%,8,Science,,,
xxi.pizza,available,66,10%,3,Mathematics,,,
adorned.pizza,available,66,5%,7,"Entertainment,Fashion,Retail",,,
xxv.pizza,available,66,6%,3,Mathematics,,,
fifty.pizza,available,66,12%,5,Mathematics,,,
xxii.pizza,available,66,6%,4,Mathematics,,,
sextet.pizza,available,66,1%,6,Entertainment,,,
thirty.pizza,available,66,8%,6,Mathematics,,,
xiii.pizza,available,66,9%,4,Mathematics,,,
xxvi.pizza,available,66,3%,4,Mathematics,,,
xvii.pizza,available,66,5%,4,Mathematics,,,
acappella.pizza,available,66,6%,10,Entertainment,,,
modish.pizza,available,66,5%,6,Fashion,,,
teenager.pizza,available,66,4%,8,"Education,Entertainment,Healthcare",,,
acrobatic.pizza,available,66,4%,9,"Entertainment,Sports",,,
five.pizza,resell,66,26%,4,Mathematics,31/01/2019 01:42,31/01/2026 01:42,"NameCheap, Inc."
rising.pizza,available,64,18%,6,"Construction,Manufacturing,Real Estate",,,
deviant.pizza,available,64,12%,7,"Medicine,Science",,,
adagio.pizza,available,64,14%,6,Entertainment,,,
absolved.pizza,available,64,1%,8,"Humanities,Law,Religion",,,
astringent.pizza,available,64,1%,10,"Healthcare,Pharmaceuticals",,,
nondrinker.pizza,available,64,1%,10,"Health and Fitness,Religion",,,
accordant.pizza,available,64,3%,9,"Arts,Entertainment",,,
ccc.pizza,available,64,38%,3,Mathematics,,,
scatty.pizza,available,64,1%,6,"Arts,Entertainment,Media",,,
aflame.pizza,available,64,3%,6,Entertainment,,,
acentric.pizza,available,64,2%,8,Science,,,
eighteenth.pizza,available,62,1%,10,Mathematics,,,
troika.pizza,available,62,8%,6,Politics,,,
quartet.pizza,available,62,7%,7,"Arts,Entertainment",,,
twodozen.pizza,available,62,1%,9,Mathematics,,,
aborigine.pizza,available,62,1%,9,Humanities,,,
cumulative.pizza,available,62,2%,10,"Banking,Finance,Insurance",,,
exculpated.pizza,available,62,1%,10,"Humanities,Law,Politics",,,
roughly.pizza,available,62,3%,7,"Business,Media,Technology",,,
pungent.pizza,available,62,1%,7,Food and Beverage,,,
chiliad.pizza,available,62,2%,7,Mathematics,,,
aufait.pizza,available,62,3%,7,"Fashion,Media",,,
wrapped.pizza,available,62,13%,7,"Fashion,Hospitality,Retail",,,
activation.pizza,available,62,16%,10,"Healthcare,Manufacturing,Technology",,,
adjuvant.pizza,available,62,5%,8,"Healthcare,Manufacturing,Technology",,,
sixteenth.pizza,available,62,1%,9,Mathematics,,,
fortyfour.pizza,available,62,6%,10,Mathematics,,,
orso.pizza,available,62,9%,5,"Business,Media,Technology",,,
admissible.pizza,available,62,1%,10,"Education,Healthcare,Law",,,
accrued.pizza,available,62,2%,7,"Banking,Finance,Insurance",,,
playacting.pizza,available,62,1%,10,Entertainment,,,
eleventh.pizza,available,62,5%,8,Mathematics,,,
acidic.pizza,available,62,5%,6,"Food and Beverage,Science",,,
ensuant.pizza,available,62,1%,7,"Healthcare,Insurance,Transportation",,,
nail.pizza,available,62,16%,4,"Construction,Fashion,General,Retail",,,
accusing.pizza,available,62,1%,8,Law,,,
activistic.pizza,available,62,1%,10,"Humanities,Politics",,,
longdozen.pizza,available,62,2%,10,Mathematics,,,
adoptive.pizza,available,62,1%,8,"Education,Healthcare",,,
abo.pizza,available,62,15%,3,Science,,,
cxxv.pizza,available,60,1%,4,Mathematics,,,
abstainer.pizza,available,60,0%,9,"Health and Fitness,Religion",,,
adnexal.pizza,available,60,1%,7,"Agriculture,Manufacturing,Retail",,,
clxx.pizza,available,60,3%,4,Mathematics,,,
sixty.pizza,available,60,13%,5,Mathematics,,,
clx.pizza,available,60,10%,3,Mathematics,,,
paunchy.pizza,available,60,0%,7,"Health and Fitness,Medicine",,,
eightysix.pizza,available,60,7%,10,Mathematics,,,
cautionary.pizza,available,60,1%,10,"Business,Education,Healthcare",,,
cxxxv.pizza,available,60,2%,5,Mathematics,,,
abashed.pizza,available,60,1%,7,Humanities,,,
clxxx.pizza,available,60,1%,5,Mathematics,,,
annexal.pizza,available,60,1%,7,"Agriculture,Manufacturing,Retail",,,
clxxv.pizza,available,60,1%,5,Mathematics,,,
cxl.pizza,available,60,7%,3,Mathematics,,,
idolized.pizza,available,60,3%,8,"Entertainment,Fashion,Retail",,,
idolised.pizza,available,60,1%,8,"Entertainment,Fashion,Retail",,,
octet.pizza,available,60,12%,5,Arts,,,
cxlv.pizza,available,60,2%,4,Mathematics,,,
xcl.pizza,available,60,5%,3,Mathematics,,,
clxv.pizza,available,60,1%,4,Mathematics,,,
adnate.pizza,available,60,1%,6,"Agriculture,Manufacturing,Retail",,,
cxv.pizza,available,60,4%,3,Mathematics,,,
aboveboard.pizza,available,60,5%,10,"Business,Law",,,
acceptive.pizza,available,60,1%,9,"Education,Healthcare",,,
cxxx.pizza,available,60,4%,4,Mathematics,,,
thou.pizza,available,60,7%,4,Mathematics,,,
cxx.pizza,available,60,10%,3,Mathematics,,,
abstemious.pizza,available,60,0%,10,"Food and Beverage,Health and Fitness,Hospitality",,,
tertiary.pizza,available,60,4%,8,Education,,,
tercet.pizza,available,59,2%,6,"Arts,Entertainment,Media",,,
accoutred.pizza,available,58,1%,9,"Fashion,Manufacturing,Retail",,,
ache.pizza,available,58,7%,4,Healthcare,,,
linear.pizza,available,58,22%,6,"Engineering,Mathematics,Science",,,
fourscore.pizza,available,58,4%,9,Mathematics,,,
acyclic.pizza,available,58,4%,7,"Engineering,Mathematics,Science",,,
heptad.pizza,available,58,1%,6,Mathematics,,,
eighter.pizza,available,58,2%,7,Mathematics,,,
centesimal.pizza,available,58,1%,10,Mathematics,,,
aucourant.pizza,available,58,3%,10,"Fashion,Media",,,
hexad.pizza,available,58,4%,5,Mathematics,,,
fifth.pizza,available,58,12%,5,Mathematics,,,
lxxviii.pizza,available,58,1%,7,Mathematics,,,
abuzz.pizza,available,58,5%,5,"Entertainment,Media,Technology",,,
adjustive.pizza,available,58,1%,9,"Manufacturing,Retail,Technology",,,
alacarte.pizza,available,58,11%,10,Food and Beverage,,,
quintet.pizza,available,58,8%,7,"Arts,Entertainment",,,
seventy.pizza,available,58,7%,7,Mathematics,,,
accretive.pizza,available,58,6%,9,"Banking,Finance,Insurance",,,
lxxx.pizza,available,58,2%,4,Mathematics,,,
tetrad.pizza,available,58,5%,6,Mathematics,,,
actuarial.pizza,available,58,8%,9,"Finance,Insurance,Mathematics",,,
abridged.pizza,available,58,4%,8,Media,,,
accented.pizza,available,58,3%,8,"Arts,Entertainment",,,
acetic.pizza,available,58,1%,6,"Food and Beverage,Science",,,
justabout.pizza,available,58,3%,10,"Business,Media,Technology",,,
sixer.pizza,available,58,5%,5,Sports,,,
cypher.pizza,available,58,29%,6,Mathematics,,,
closeto.pizza,available,58,3%,8,"Business,Media,Technology",,,
pentad.pizza,available,58,2%,6,Mathematics,,,
niner.pizza,available,58,5%,5,Mathematics,,,
abused.pizza,available,58,5%,6,"Healthcare,Law",,,
addressed.pizza,available,58,3%,9,"Business,Technology,Telecommunications",,,
offhanded.pizza,available,58,1%,9,Entertainment,,,
abandoned.pizza,available,58,10%,9,"Construction,Real Estate",,,
fourth.pizza,available,58,13%,6,Mathematics,,,
twelfth.pizza,available,58,2%,7,Mathematics,,,
addible.pizza,available,58,2%,7,"Engineering,Mathematics,Science",,,
sixtyone.pizza,available,58,3%,9,Mathematics,,,
sextuplet.pizza,available,58,1%,9,Healthcare,,,
octad.pizza,available,58,5%,5,Mathematics,,,
adient.pizza,available,58,4%,6,"Medicine,Science",,,
enwrapped.pizza,available,58,0%,9,"Entertainment,Fashion,Media",,,
xlvii.pizza,available,56,2%,5,Mathematics,,,
xlviii.pizza,available,56,1%,6,Mathematics,,,
xxxviii.pizza,available,56,1%,7,Mathematics,,,
fiftyfive.pizza,available,56,7%,10,Mathematics,,,
xxix.pizza,available,56,4%,4,Mathematics,,,
appressed.pizza,available,56,0%,9,"Agriculture,Manufacturing,Retail",,,
accoutered.pizza,available,56,0%,10,"Fashion,Manufacturing,Retail",,,
admittible.pizza,available,56,1%,10,"Education,Healthcare,Hospitality",,,
xliv.pizza,available,56,2%,4,Mathematics,,,
addled.pizza,available,56,2%,6,Entertainment,,,
xxvii.pizza,available,56,3%,5,Mathematics,,,
xxiii.pizza,available,56,5%,5,Mathematics,,,
triad.pizza,available,56,15%,5,Arts,,,
lii.pizza,available,56,7%,3,Mathematics,,,
admissive.pizza,available,56,1%,9,"Education,Healthcare,Hospitality",,,
aone.pizza,available,56,15%,5,Food and Beverage,,,
fiftyone.pizza,available,56,7%,9,Mathematics,,,
xxxvi.pizza,available,56,1%,5,Mathematics,,,
lviii.pizza,available,56,1%,5,Mathematics,,,
lvii.pizza,available,56,1%,4,Mathematics,,,
xxviii.pizza,available,56,1%,6,Mathematics,,,
fiftytwo.pizza,available,56,6%,9,Mathematics,,,
thirtysix.pizza,available,56,5%,10,Mathematics,,,
potbellied.pizza,available,56,0%,10,"Health and Fitness,Medicine",,,
ilx.pizza,available,56,5%,3,Mathematics,,,
fortytwo.pizza,available,56,17%,9,Mathematics,,,
fiftysix.pizza,available,56,4%,9,Mathematics,,,
xxxii.pizza,available,56,1%,5,Mathematics,,,
abeyant.pizza,available,56,1%,7,"Business,Law",,,
xliii.pizza,available,56,1%,5,Mathematics,,,
abdominous.pizza,available,56,0%,10,"Health and Fitness,Medicine",,,
lvi.pizza,available,56,8%,3,Mathematics,,,
maledict.pizza,available,56,1%,8,Religion,,,
terzetto.pizza,available,56,3%,8,Arts,,,
xxxiii.pizza,available,56,2%,6,Mathematics,,,
admittable.pizza,available,56,1%,10,"Education,Healthcare,Hospitality",,,
xxiv.pizza,available,56,5%,4,Mathematics,,,
fortyone.pizza,available,56,4%,9,Mathematics,,,
fortysix.pizza,available,56,3%,9,Mathematics,,,
fiftyfour.pizza,available,56,3%,10,Mathematics,,,
xxxv.pizza,available,56,4%,4,Mathematics,,,
xlvi.pizza,available,56,3%,4,Mathematics,,,
xxxiv.pizza,available,56,1%,5,Mathematics,,,
xxxi.pizza,available,56,9%,4,Mathematics,,,
fortynine.pizza,available,56,3%,10,Mathematics,,,
xlv.pizza,available,56,6%,3,Mathematics,,,
xlii.pizza,available,56,5%,4,Mathematics,,,
xxxvii.pizza,available,56,2%,6,Mathematics,,,
liii.pizza,available,56,4%,4,Mathematics,,,
thirtytwo.pizza,available,56,5%,10,Mathematics,,,
halfdozen.pizza,available,56,1%,10,Mathematics,,,
xli.pizza,available,56,5%,3,Mathematics,,,
fiftynine.pizza,available,56,4%,10,Mathematics,,,
thirtyone.pizza,available,56,5%,10,Mathematics,,,
adductive.pizza,available,54,0%,9,"Engineering,Mathematics,Science",,,
deserted.pizza,available,54,3%,8,"Hospitality,Real Estate",,,
accursed.pizza,available,54,3%,8,"Entertainment,Media,Religion",,,
actuated.pizza,available,54,2%,8,"Automotive,Manufacturing,Technology",,,
iii.pizza,available,54,24%,3,Mathematics,,,
adjuratory.pizza,available,54,0%,10,"Law,Politics,Religion",,,
achy.pizza,available,54,3%,4,Healthcare,,,
scratchy.pizza,available,54,3%,8,Fashion,,,
monitory.pizza,available,54,3%,8,"Business,Education,Healthcare",,,
unnatural.pizza,available,54,4%,9,"Medicine,Science",,,
abducens.pizza,available,54,1%,8,Medicine,,,
adducting.pizza,available,54,1%,9,"Engineering,Mathematics,Science",,,
fortyfive.pizza,available,54,4%,10,Mathematics,,,
adducent.pizza,available,54,1%,8,"Engineering,Mathematics,Science",,,
quadruplet.pizza,available,54,1%,10,"Healthcare,Medicine,Science",,,
abaxial.pizza,available,54,1%,7,Science,,,
adaxial.pizza,available,54,2%,7,Science,,,
admonitory.pizza,available,54,0%,10,"Business,Education,Healthcare",,,
deuceace.pizza,available,54,2%,9,Sports,,,
quatern.pizza,available,54,2%,7,Mathematics,,,
quaternion.pizza,available,54,6%,10,Mathematics,,,
acoustical.pizza,available,54,4%,10,Science,,,
sise.pizza,available,54,5%,4,Mathematics,,,
accentual.pizza,available,54,3%,9,"Arts,Entertainment",,,
topnotch.pizza,available,54,18%,8,Business,,,
aboral.pizza,available,54,2%,6,Science,,,
ternion.pizza,available,54,3%,7,Mathematics,,,
abatic.pizza,available,54,1%,6,Science,,,
quintuplet.pizza,available,54,1%,10,"Healthcare,Medicine,Science",,,
threescore.pizza,available,54,1%,10,Mathematics,,,
abasic.pizza,available,54,1%,6,Science,,,
achromatic.pizza,available,54,4%,10,Science,,,
fin.pizza,available,54,30%,3,Finance,,,
abhorrent.pizza,available,54,1%,9,Humanities,,,
twoscore.pizza,available,54,2%,8,Mathematics,,,
adpressed.pizza,available,54,0%,9,"Agriculture,Manufacturing,Retail",,,
abient.pizza,available,54,1%,6,Science,,,
viii.pizza,available,54,6%,4,Mathematics,,,
quaternity.pizza,available,54,4%,10,Mathematics,,,
abatable.pizza,available,54,1%,8,Law,,,
vii.pizza,available,54,13%,3,Mathematics,,,
sestet.pizza,available,53,1%,6,Arts,,,
septet.pizza,available,53,1%,6,General,,,
lxxiii.pizza,available,52,1%,6,Mathematics,,,
lxxxvi.pizza,available,52,1%,6,Mathematics,,,
sixtysix.pizza,available,52,4%,9,Mathematics,,,
ninetysix.pizza,available,52,4%,10,Mathematics,,,
xcviii.pizza,available,52,1%,6,Mathematics,,,
chagrined.pizza,available,52,1%,9,Humanities,,,
lxvi.pizza,available,52,3%,4,Mathematics,,,
decumbent.pizza,available,52,1%,9,"Healthcare,Medicine,Science",,,
odious.pizza,available,52,2%,6,"Entertainment,Humanities",,,
xci.pizza,available,52,4%,3,Mathematics,,,
aboulic.pizza,available,52,1%,7,Medicine,,,
xcvi.pizza,available,52,2%,4,Mathematics,,,
xciv.pizza,available,52,2%,4,Mathematics,,,
ixl.pizza,available,52,9%,3,Mathematics,,,
lxviii.pizza,available,52,1%,6,Mathematics,,,
lxxxii.pizza,available,52,1%,6,Mathematics,,,
xcv.pizza,available,52,7%,3,Mathematics,,,
sixtyfive.pizza,available,52,3%,10,Mathematics,,,
eightytwo.pizza,available,52,4%,10,Mathematics,,,
lxxi.pizza,available,52,1%,4,Mathematics,,,
lxxv.pizza,available,52,1%,4,Mathematics,,,
lxxvii.pizza,available,52,2%,6,Mathematics,,,
littlejoe.pizza,available,52,2%,10,"Entertainment,Media",,,
lxvii.pizza,available,52,1%,5,Mathematics,,,
xcii.pizza,available,52,2%,4,Mathematics,,,
repugnant.pizza,available,52,1%,9,Humanities,,,
abstruse.pizza,available,52,5%,8,"Humanities,Mathematics,Science",,,
sixtyfour.pizza,available,52,3%,10,Mathematics,,,
xcvii.pizza,available,52,1%,5,Mathematics,,,
sixtytwo.pizza,available,52,3%,9,Mathematics,,,
lxxii.pizza,available,52,1%,5,Mathematics,,,
lxxxiv.pizza,available,52,1%,6,Mathematics,,,
ninetyone.pizza,available,52,5%,10,Mathematics,,,
lxxxi.pizza,available,52,1%,5,Mathematics,,,
lxxvi.pizza,available,52,1%,5,Mathematics,,,
lxxiv.pizza,available,52,1%,5,Mathematics,,,
lxiv.pizza,available,52,3%,4,Mathematics,,,
abominable.pizza,available,52,2%,10,"Entertainment,Humanities",,,
tierce.pizza,available,52,3%,6,General,,,
ninetytwo.pizza,available,52,4%,10,Mathematics,,,
lxxxvii.pizza,available,52,1%,7,Mathematics,,,
detestable.pizza,available,52,1%,10,Humanities,,,
uphill.pizza,available,52,7%,6,"Sports,Transportation,Travel",,,
xciii.pizza,available,52,1%,5,Mathematics,,,
adenoidal.pizza,available,52,1%,9,"Health and Fitness,Medicine,Science",,,
lxii.pizza,available,52,1%,4,Mathematics,,,
lxiii.pizza,available,52,2%,5,Mathematics,,,
repulsive.pizza,available,52,1%,9,Humanities,,,
lxi.pizza,available,52,5%,3,Mathematics,,,
ablated.pizza,available,52,1%,7,Science,,,
ixc.pizza,available,52,5%,3,Mathematics,,,
eightyone.pizza,available,52,3%,10,Mathematics,,,
abysmal.pizza,available,52,4%,7,"Arts,Entertainment,Media",,,
abusive.pizza,available,52,3%,7,"Healthcare,Law",,,
lxxxiii.pizza,available,52,1%,7,Mathematics,,,
lxxxv.pizza,available,52,1%,5,Mathematics,,,
adhominem.pizza,available,50,2%,10,"Humanities,Law,Politics",,,
lxx.pizza,available,50,5%,3,Mathematics,,,
acaudal.pizza,available,50,1%,7,"Agriculture,Science",,,
abdicable.pizza,available,50,0%,9,Law,,,
adactylous.pizza,available,50,0%,10,Science,,,
acetose.pizza,available,50,1%,7,Science,,,
needlelike.pizza,available,50,0%,10,"Engineering,Medicine,Science",,,
abranchial.pizza,available,50,0%,10,Science,,,
acellular.pizza,available,50,1%,9,Science,,,
acerbic.pizza,available,50,2%,7,"Arts,Humanities,Media",,,
acerose.pizza,available,50,1%,7,Science,,,
triplet.pizza,available,50,8%,7,Science,,,
acapnotic.pizza,available,50,0%,9,"Healthcare,Medicine,Science",,,
abactinal.pizza,available,50,0%,9,Science,,,
ogdoad.pizza,available,50,1%,6,Mathematics,,,
acerb.pizza,available,50,2%,5,Science,,,
abomasal.pizza,available,50,0%,8,Agriculture,,,
abbatial.pizza,available,50,0%,8,Religion,,,
scummy.pizza,available,50,1%,6,Humanities,,,
trine.pizza,available,50,11%,5,"General,Religion",,,
abducting.pizza,available,50,0%,9,Medicine,,,
quint.pizza,available,50,13%,5,"Arts,Entertainment",,,
acetous.pizza,available,50,1%,7,Science,,,
acapnic.pizza,available,50,0%,7,"Healthcare,Medicine,Science",,,
aborticide.pizza,available,50,0%,10,Medicine,,,
broached.pizza,available,50,0%,8,Food and Beverage,,,
acquitted.pizza,available,50,1%,9,Law,,,
aculeated.pizza,available,50,0%,9,"Engineering,Medicine,Science",,,
cinque.pizza,available,50,7%,6,Mathematics,,,
spinous.pizza,available,50,1%,7,"Agriculture,Science",,,
vinegary.pizza,available,50,1%,8,Food and Beverage,,,
gillless.pizza,available,50,0%,9,Science,,,
ilxx.pizza,available,48,1%,4,Mathematics,,,
execrable.pizza,available,48,0%,9,"Entertainment,Humanities",,,
notguilty.pizza,available,48,5%,10,Law,,,
apriori.pizza,available,48,13%,8,Mathematics,,,
abstracted.pizza,available,48,5%,10,"Arts,Humanities,Science",,,
lxxxviii.pizza,available,48,1%,8,Mathematics,,,
ilxxx.pizza,available,48,1%,5,Mathematics,,,
abyssal.pizza,available,48,12%,7,"Arts,Entertainment,Media",,,
acicular.pizza,available,46,2%,8,Science,,,
vinegarish.pizza,available,46,1%,10,Food and Beverage,,,
acanthotic.pizza,available,46,0%,10,"Agriculture,Science",,,
acetabular.pizza,available,46,1%,10,Science,,,
acanthoid.pizza,available,46,1%,9,"Agriculture,Science",,,
acarpelous.pizza,available,46,0%,10,"Agriculture,Science",,,
achromous.pizza,available,46,1%,9,Science,,,
acetonic.pizza,available,46,1%,8,Science,,,
stemless.pizza,available,46,2%,8,"Agriculture,Science",,,
theabsurd.pizza,available,46,1%,10,"Arts,Entertainment,Media",,,
acapnial.pizza,available,46,0%,8,"Healthcare,Medicine,Science",,,
achromic.pizza,available,46,2%,8,Science,,,
acanthous.pizza,available,46,0%,9,"Agriculture,Science",,,
acetylic.pizza,available,46,1%,8,Science,,,
acaudate.pizza,available,46,1%,8,"Agriculture,Science",,,
quaternary.pizza,available,46,3%,10,Mathematics,,,
acephalous.pizza,available,46,1%,10,Science,,,
cotyloid.pizza,available,46,1%,8,Science,,,
acarpous.pizza,available,46,0%,8,"Agriculture,Science",,,
stripling.pizza,available,46,2%,9,"Education,Entertainment,Healthcare",,,
acetylenic.pizza,available,46,1%,10,Science,,,
achenial.pizza,available,46,1%,8,Science,,,
acheronian.pizza,available,46,1%,10,Humanities,,,
cotyloidal.pizza,available,44,1%,10,Science,,,
acherontic.pizza,available,44,1%,10,Humanities,,,
accusatory.pizza,available,44,1%,10,Law,,,
abscessed.pizza,available,41,0%,9,Healthcare,,,
phoebe.pizza,available,41,14%,6,Science,,,
accusive.pizza,available,40,1%,8,Law,,,
accurst.pizza,available,40,1%,7,Religion,,,
scurrilous.pizza,available,40,1%,10,"Entertainment,Media,Politics",,,